Manufacturer,Model,Weight_pred
Audi,100,3354.76382703125
Pontiac,Sunbird,2652.5132862592322
Chevrolet,Lumina,3057.0417285437497
Mazda,RX-7,3269.371880012731
Volkswagen,Fox,2242.378302058448
