Manufacturer,Model,Weight_pred
Audi,100,3477.0959874294554
Pontiac,Sunbird,2680.6439297565566
Chevrolet,Lumina,3157.7003334521814
Mazda,RX-7,2895.0
Volkswagen,Fox,2253.4612115326
